run,checkpoint,layer,regime,samples,residual_rms_mean,update_rms_mean,output_rms_mean,update_to_residual_rms,residual_update_cos_mean,residual_update_cos_p05,residual_update_cos_p50,residual_update_cos_p95,residual_update_parallel_energy,residual_update_cka,residual_soft_rank,residual_hard_rank,update_soft_rank,update_hard_rank,output_soft_rank,output_hard_rank,residual_add_reconstruction_max_abs,ln2_soft_rank,ln2_hard_rank,pregelu_soft_rank,pregelu_hard_rank,postgelu_soft_rank,postgelu_hard_rank,postgelu_to_pregelu_hard_rank
qk_only,/mnt/ssd-data/orj/MappingNetworks/outputs/pro6_mai_v3_attention_partial_controls/pro6_mai_v3_124m_qk_only_qk64_outputgain_20tpp_lr24e4/ckpt.pt,0,HEAD,256.0,0.10064692795276642,0.07481610774993896,0.11678826063871384,0.7433521151542664,-0.13811048865318298,-0.2183373123407364,-0.14836353063583374,-0.052081868052482605,0.022538237273693085,0.8108145594596863,16.003948211669922,7.54965877532959,20.344453811645508,13.427924156188965,11.67544174194336,4.985827922821045,2.9802322387695312e-08,16.112619400024414,7.652533054351807,23.54967498779297,15.467167854309082,20.442562103271484,11.421213150024414,0.7384165774629851
qk_only,/mnt/ssd-data/orj/MappingNetworks/outputs/pro6_mai_v3_attention_partial_controls/pro6_mai_v3_124m_qk_only_qk64_outputgain_20tpp_lr24e4/ckpt.pt,0,MID,256.0,0.0931321233510971,0.07542167603969574,0.119715616106987,0.8098352551460266,-0.0033797998912632465,-0.10675335675477982,-0.006870725657790899,0.09612994641065598,0.0053627933375537395,0.7838431596755981,54.40339660644531,12.825615882873535,85.98223114013672,47.34349822998047,44.51831817626953,10.298456192016602,2.9802322387695312e-08,58.537681579589844,13.94106674194336,85.84139251708984,40.36213684082031,83.37220764160156,32.07649612426758,0.794717491067692
qk_only,/mnt/ssd-data/orj/MappingNetworks/outputs/pro6_mai_v3_attention_partial_controls/pro6_mai_v3_124m_qk_only_qk64_outputgain_20tpp_lr24e4/ckpt.pt,0,TAIL,256.0,0.0864759236574173,0.08042678982019424,0.12197557091712952,0.9300483465194702,0.06706351041793823,-0.030927693471312523,0.07236960530281067,0.14370352029800415,0.007226171437650919,0.7101534008979797,64.21514129638672,13.78576374053955,97.8733139038086,50.6968879699707,60.76640319824219,14.244268417358398,2.9802322387695312e-08,65.08077239990234,14.096009254455566,88.52790832519531,33.0023193359375,90.88507843017578,32.86669158935547,0.995890357123042
qk_only,/mnt/ssd-data/orj/MappingNetworks/outputs/pro6_mai_v3_attention_partial_controls/pro6_mai_v3_124m_qk_only_qk64_outputgain_20tpp_lr24e4/ckpt.pt,1,HEAD,256.0,0.11771000176668167,0.05691678449511528,0.1256367266178131,0.48353397846221924,-0.09834539890289307,-0.17063046991825104,-0.1018117368221283,-0.03648489713668823,0.011946193873882294,0.5301723480224609,27.330228805541992,10.798348426818848,54.747398376464844,29.11503028869629,27.352235794067383,11.123074531555176,2.9802322387695312e-08,27.933509826660156,11.230157852172852,44.48386001586914,25.880565643310547,64.64541625976562,31.76740074157715,1.2274616088148829
qk_only,/mnt/ssd-data/orj/MappingNetworks/outputs/pro6_mai_v3_attention_partial_controls/pro6_mai_v3_124m_qk_only_qk64_outputgain_20tpp_lr24e4/ckpt.pt,1,MID,256.0,0.12228813767433167,0.058504022657871246,0.1298322081565857,0.4784112572669983,-0.10794657468795776,-0.17877379059791565,-0.10978928208351135,-0.03907550126314163,0.01451287604868412,0.5846343636512756,70.49116516113281,21.37836265563965,102.69470977783203,58.513877868652344,68.38063049316406,21.665748596191406,2.9802322387695312e-08,75.11682891845703,23.695283889770508,96.11982727050781,53.807830810546875,121.8762435913086,61.6033935546875,1.1448778481999802
qk_only,/mnt/ssd-data/orj/MappingNetworks/outputs/pro6_mai_v3_attention_partial_controls/pro6_mai_v3_124m_qk_only_qk64_outputgain_20tpp_lr24e4/ckpt.pt,1,TAIL,256.0,0.128021240234375,0.060067497193813324,0.13536548614501953,0.46919944882392883,-0.1087595671415329,-0.18908914923667908,-0.10790195316076279,-0.027931436896324158,0.014234916307032108,0.6100460886955261,83.96269989013672,27.824602127075195,105.57981872558594,54.69314956665039,82.46733093261719,28.348413467407227,2.9802322387695312e-08,86.71868133544922,29.494699478149414,92.70454406738281,40.74488067626953,135.28245544433594,70.8902816772461,1.7398573882321793
qk_only,/mnt/ssd-data/orj/MappingNetworks/outputs/pro6_mai_v3_attention_partial_controls/pro6_mai_v3_124m_qk_only_qk64_outputgain_20tpp_lr24e4/ckpt.pt,2,HEAD,256.0,0.10656766593456268,0.05283713340759277,0.12053673714399338,0.49580830335617065,0.029335908591747284,-0.08700943738222122,0.02545423060655594,0.16219305992126465,0.00834000576287508,0.596992552280426,48.151737213134766,25.55711555480957,60.55224609375,21.453916549682617,44.82362365722656,20.910974502563477,5.960464477539063e-08,49.143104553222656,25.757793426513672,55.11962127685547,31.426746368408203,83.0970458984375,35.895809173583984,1.1422057107912487
qk_only,/mnt/ssd-data/orj/MappingNetworks/outputs/pro6_mai_v3_attention_partial_controls/pro6_mai_v3_124m_qk_only_qk64_outputgain_20tpp_lr24e4/ckpt.pt,2,MID,256.0,0.11526769399642944,0.0574566014111042,0.13017359375953674,0.4984623193740845,0.010262307710945606,-0.12212900072336197,-0.0006181178614497185,0.11922395974397659,0.011376554146409035,0.6886904239654541,90.73555755615234,42.86064910888672,55.729454040527344,11.025874137878418,58.956356048583984,14.847079277038574,5.960464477539063e-08,101.7083511352539,56.085060119628906,96.42520141601562,56.47188186645508,95.29808807373047,24.734458923339844,0.4379960097988586
qk_only,/mnt/ssd-data/orj/MappingNetworks/outputs/pro6_mai_v3_attention_partial_controls/pro6_mai_v3_124m_qk_only_qk64_outputgain_20tpp_lr24e4/ckpt.pt,2,TAIL,256.0,0.12375008314847946,0.05537223815917969,0.13603192567825317,0.4474521279335022,0.009287059307098389,-0.08499336242675781,0.009793062694370747,0.11046424508094788,0.003574332455173135,0.7602593302726746,105.53900146484375,53.440792083740234,119.60218811035156,69.41223907470703,103.1862564086914,52.184410095214844,2.9802322387695312e-08,107.97019958496094,56.295021057128906,95.35831451416016,47.386470794677734,152.1210174560547,91.62640380859375,1.933598393634431
qk_only,/mnt/ssd-data/orj/MappingNetworks/outputs/pro6_mai_v3_attention_partial_controls/pro6_mai_v3_124m_qk_only_qk64_outputgain_20tpp_lr24e4/ckpt.pt,3,HEAD,256.0,0.11323393881320953,0.057588450610637665,0.12262338399887085,0.508579432964325,-0.09076103568077087,-0.22427436709403992,-0.11782889068126678,0.10965544730424881,0.020177748054265976,0.8205075860023499,58.636573791503906,28.389667510986328,68.54917907714844,21.981922149658203,44.23554611206055,13.889691352844238,1.1920928955078125e-07,66.8409423828125,35.083805084228516,69.54651641845703,39.48973846435547,100.54076385498047,48.63802719116211,1.231662428837409
qk_only,/mnt/ssd-data/orj/MappingNetworks/outputs/pro6_mai_v3_attention_partial_controls/pro6_mai_v3_124m_qk_only_qk64_outputgain_20tpp_lr24e4/ckpt.pt,3,MID,256.0,0.12679481506347656,0.06165444105863571,0.13688835501670837,0.48625364899635315,-0.10375608503818512,-0.21146295964717865,-0.11488518863916397,-0.0066052512265741825,0.023538071662187576,0.9341720342636108,67.53690338134766,18.27663230895996,42.49680709838867,7.246894836425781,32.96416091918945,6.104512691497803,1.1920928955078125e-07,108.64820861816406,62.50174331665039,101.29646301269531,59.08758544921875,96.72940826416016,24.284334182739258,0.41098877197494865
qk_only,/mnt/ssd-data/orj/MappingNetworks/outputs/pro6_mai_v3_attention_partial_controls/pro6_mai_v3_124m_qk_only_qk64_outputgain_20tpp_lr24e4/ckpt.pt,3,TAIL,256.0,0.13603362441062927,0.058608103543519974,0.14269283413887024,0.43083542585372925,-0.09919440746307373,-0.19785991311073303,-0.09791816025972366,0.00432696333155036,0.01341361552476883,0.8115379214286804,108.28455352783203,56.372039794921875,125.3684310913086,74.82200622558594,105.51399230957031,55.18082046508789,2.9802322387695312e-08,110.54170227050781,58.8809814453125,100.75337219238281,51.58552932739258,152.47918701171875,91.15232849121094,1.7670135342162299
qk_only,/mnt/ssd-data/orj/MappingNetworks/outputs/pro6_mai_v3_attention_partial_controls/pro6_mai_v3_124m_qk_only_qk64_outputgain_20tpp_lr24e4/ckpt.pt,4,HEAD,256.0,0.1290251910686493,0.06577630341053009,0.1294347643852234,0.509794294834137,-0.26051849126815796,-0.36244142055511475,-0.2732573449611664,-0.10401240736246109,0.07765655219554901,0.8721533417701721,55.802181243896484,18.89527130126953,82.71878814697266,31.47472381591797,42.0830078125,10.468667030334473,1.1920928955078125e-07,80.52682495117188,42.54838180541992,76.30451202392578,40.917903900146484,112.23965454101562,55.44013595581055,1.354911436595169
qk_only,/mnt/ssd-data/orj/MappingNetworks/outputs/pro6_mai_v3_attention_partial_controls/pro6_mai_v3_124m_qk_only_qk64_outputgain_20tpp_lr24e4/ckpt.pt,4,MID,256.0,0.1449412703514099,0.06810307502746582,0.14729592204093933,0.46986669301986694,-0.23165953159332275,-0.33434784412384033,-0.24249497056007385,-0.1510067582130432,0.07027888298034668,0.9708181023597717,40.79920196533203,7.679407119750977,59.2722282409668,11.313406944274902,23.392963409423828,4.2395758628845215,1.1920928955078125e-07,112.567626953125,65.77709197998047,100.76730346679688,57.89696502685547,118.13833618164062,41.822017669677734,0.7223525041473007
qk_only,/mnt/ssd-data/orj/MappingNetworks/outputs/pro6_mai_v3_attention_partial_controls/pro6_mai_v3_124m_qk_only_qk64_outputgain_20tpp_lr24e4/ckpt.pt,4,TAIL,256.0,0.15231607854366302,0.06627796590328217,0.1505393236875534,0.4351344108581543,-0.2435745894908905,-0.3369385302066803,-0.2430034875869751,-0.14920511841773987,0.06302686780691147,0.8123703598976135,112.42864227294922,60.87042999267578,130.9747772216797,80.6266860961914,113.28363037109375,61.5635871887207,2.9802322387695312e-08,114.13288116455078,62.62163162231445,100.0381088256836,51.696380615234375,155.31361389160156,94.9472885131836,1.836633191399934
qk_only,/mnt/ssd-data/orj/MappingNetworks/outputs/pro6_mai_v3_attention_partial_controls/pro6_mai_v3_124m_qk_only_qk64_outputgain_20tpp_lr24e4/ckpt.pt,5,HEAD,256.0,0.1374991238117218,0.06534166634082794,0.14282077550888062,0.4752151370048523,-0.1557449847459793,-0.25843334197998047,-0.17839881777763367,-0.015091265551745892,0.03231332078576088,0.4080725312232971,48.735042572021484,12.827349662780762,118.42147064208984,73.67386627197266,45.33155822753906,11.400131225585938,1.1920928955078125e-07,87.15474700927734,46.26689910888672,80.3040771484375,43.18052291870117,128.95761108398438,75.41011047363281,1.7463917844536625
qk_only,/mnt/ssd-data/orj/MappingNetworks/outputs/pro6_mai_v3_attention_partial_controls/pro6_mai_v3_124m_qk_only_qk64_outputgain_20tpp_lr24e4/ckpt.pt,5,MID,256.0,0.15609236061573029,0.06691968441009521,0.16120277345180511,0.4287185072898865,-0.14908349514007568,-0.25478971004486084,-0.15420624613761902,-0.05645022541284561,0.0326804518699646,0.3559914529323578,26.84861183166504,4.807297706604004,136.74729919433594,90.70508575439453,24.864070892333984,4.479879379272461,1.1920928955078125e-07,115.3155288696289,67.370361328125,102.66812896728516,58.97431564331055,155.113037109375,101.76216888427734,1.7255336967326085
qk_only,/mnt/ssd-data/orj/MappingNetworks/outputs/pro6_mai_v3_attention_partial_controls/pro6_mai_v3_124m_qk_only_qk64_outputgain_20tpp_lr24e4/ckpt.pt,5,TAIL,256.0,0.1622653603553772,0.0659489706158638,0.16575653851032257,0.40642666816711426,-0.1491689682006836,-0.27389848232269287,-0.1409679651260376,-0.05030778795480728,0.026721810922026634,0.8248681426048279,109.4871826171875,56.90456008911133,130.22573852539062,78.07931518554688,110.0852279663086,58.37910079956055,2.9802322387695312e-08,112.67900085449219,60.61980056762695,91.96526336669922,43.78321838378906,146.03602600097656,81.31854248046875,1.8572993371034898
qk_only,/mnt/ssd-data/orj/MappingNetworks/outputs/pro6_mai_v3_attention_partial_controls/pro6_mai_v3_124m_qk_only_qk64_outputgain_20tpp_lr24e4/ckpt.pt,6,HEAD,256.0,0.1506587415933609,0.07090505957603455,0.1623201072216034,0.4706335663795471,-0.06237488240003586,-0.20121517777442932,-0.09359867125749588,0.18533407151699066,0.017931997776031494,0.36877864599227905,51.1494140625,13.8064603805542,117.4095687866211,73.3741226196289,50.35173416137695,13.86706829071045,1.1920928955078125e-07,87.4697036743164,46.027103424072266,80.41926574707031,43.007999420166016,124.8220443725586,71.55294799804688,1.6637125409859548
qk_only,/mnt/ssd-data/orj/MappingNetworks/outputs/pro6_mai_v3_attention_partial_controls/pro6_mai_v3_124m_qk_only_qk64_outputgain_20tpp_lr24e4/ckpt.pt,6,MID,256.0,0.1696787178516388,0.0712883248925209,0.17966192960739136,0.42013710737228394,-0.0757114589214325,-0.19917532801628113,-0.08289315551519394,0.06640131771564484,0.013796470127999783,0.17713764309883118,28.281143188476562,5.139260292053223,135.61456298828125,89.9618148803711,29.961288452148438,5.465232849121094,1.1920928955078125e-07,111.1109619140625,63.34861755371094,97.83695983886719,54.667354583740234,149.23492431640625,94.40823364257812,1.7269581519252453
qk_only,/mnt/ssd-data/orj/MappingNetworks/outputs/pro6_mai_v3_attention_partial_controls/pro6_mai_v3_124m_qk_only_qk64_outputgain_20tpp_lr24e4/ckpt.pt,6,TAIL,256.0,0.17506583034992218,0.06987045705318451,0.18177658319473267,0.3991096317768097,-0.10069705545902252,-0.22354377806186676,-0.09769441187381744,0.012621940113604069,0.015947885811328888,0.8199920654296875,107.17058563232422,55.8416748046875,135.1786346435547,85.8506851196289,108.99451446533203,57.322757720947266,2.9802322387695312e-08,109.68366241455078,58.48200225830078,91.44982147216797,44.59465408325195,147.7223663330078,84.94769287109375,1.9048851172274672
qk_only,/mnt/ssd-data/orj/MappingNetworks/outputs/pro6_mai_v3_attention_partial_controls/pro6_mai_v3_124m_qk_only_qk64_outputgain_20tpp_lr24e4/ckpt.pt,7,HEAD,256.0,0.17483289539813995,0.07830110192298889,0.19161808490753174,0.44786253571510315,0.0030163475312292576,-0.16351228952407837,-0.012361510656774044,0.22449088096618652,0.013434166088700294,0.4627489149570465,56.43820571899414,18.284652709960938,117.54692840576172,73.18778991699219,58.417503356933594,19.555660247802734,5.960464477539063e-08,82.24113464355469,43.14030456542969,73.78965759277344,39.304874420166016,120.06639862060547,68.69892120361328,1.7478473654241258
qk_only,/mnt/ssd-data/orj/MappingNetworks/outputs/pro6_mai_v3_attention_partial_controls/pro6_mai_v3_124m_qk_only_qk64_outputgain_20tpp_lr24e4/ckpt.pt,7,MID,256.0,0.19214269518852234,0.08044809848070145,0.20650717616081238,0.4186893403530121,-0.031402137130498886,-0.14447814226150513,-0.03800620883703232,0.11571753770112991,0.008505097590386868,0.2200995534658432,35.04682159423828,6.741539001464844,135.16368103027344,89.1853256225586,38.8289680480957,7.46348237991333,5.960464477539063e-08,103.85952758789062,56.94244384765625,90.78558349609375,49.40495681762695,143.1798858642578,87.63066101074219,1.7737220444139092
qk_only,/mnt/ssd-data/orj/MappingNetworks/outputs/pro6_mai_v3_attention_partial_controls/pro6_mai_v3_124m_qk_only_qk64_outputgain_20tpp_lr24e4/ckpt.pt,7,TAIL,256.0,0.19519509375095367,0.07912136614322662,0.20773851871490479,0.40534505248069763,-0.037763502448797226,-0.14174233376979828,-0.04191340506076813,0.09685694426298141,0.0064526768401265144,0.8307523727416992,104.27103424072266,53.868167877197266,137.14622497558594,86.82633209228516,107.63992309570312,56.378353118896484,5.960464477539063e-08,106.12499237060547,55.791786193847656,88.53010559082031,44.278602600097656,144.24142456054688,82.97369384765625,1.8739004615171224
qk_only,/mnt/ssd-data/orj/MappingNetworks/outputs/pro6_mai_v3_attention_partial_controls/pro6_mai_v3_124m_qk_only_qk64_outputgain_20tpp_lr24e4/ckpt.pt,8,HEAD,256.0,0.20082953572273254,0.08408328890800476,0.22153036296367645,0.4186798930168152,0.049628786742687225,-0.1288122832775116,0.04960625618696213,0.2544613480567932,0.016450025141239166,0.564763605594635,60.70066452026367,22.78641128540039,107.90154266357422,62.28436279296875,62.53425598144531,24.998985290527344,5.960464477539063e-08,79.03189849853516,40.27000427246094,69.49798583984375,35.29743194580078,112.63967895507812,61.124202728271484,1.7316897960771684
qk_only,/mnt/ssd-data/orj/MappingNetworks/outputs/pro6_mai_v3_attention_partial_controls/pro6_mai_v3_124m_qk_only_qk64_outputgain_20tpp_lr24e4/ckpt.pt,8,MID,256.0,0.21588167548179626,0.0856570303440094,0.23221102356910706,0.3967776894569397,-0.007086307741701603,-0.156605064868927,-0.019407711923122406,0.14988337457180023,0.0103924460709095,0.2796674966812134,42.91944885253906,8.970556259155273,127.4952621459961,79.27040100097656,47.811363220214844,10.504179000854492,1.1920928955078125e-07,101.13319396972656,54.02131652832031,87.49816131591797,46.003963470458984,136.44131469726562,79.71464538574219,1.7327777733092542
qk_only,/mnt/ssd-data/orj/MappingNetworks/outputs/pro6_mai_v3_attention_partial_controls/pro6_mai_v3_124m_qk_only_qk64_outputgain_20tpp_lr24e4/ckpt.pt,8,TAIL,256.0,0.2166024148464203,0.08319606631994247,0.2276993989944458,0.3840957581996918,-0.055248431861400604,-0.16545921564102173,-0.06760646402835846,0.07989149540662766,0.008917498402297497,0.8134488463401794,101.98832702636719,51.483619689941406,134.08932495117188,83.38953399658203,105.40441131591797,54.72023010253906,5.960464477539063e-08,103.92120361328125,53.48734664916992,87.86126708984375,43.90049362182617,143.05567932128906,82.73236846923828,1.884543011792148
qk_only,/mnt/ssd-data/orj/MappingNetworks/outputs/pro6_mai_v3_attention_partial_controls/pro6_mai_v3_124m_qk_only_qk64_outputgain_20tpp_lr24e4/ckpt.pt,9,HEAD,256.0,0.236242413520813,0.09121182560920715,0.2593352794647217,0.38609421253204346,0.06850938498973846,-0.08247268199920654,0.0740838274359703,0.20186015963554382,0.013067841529846191,0.6822236776351929,60.555885314941406,25.585224151611328,95.95203399658203,49.910888671875,63.4448356628418,28.876211166381836,1.1920928955078125e-07,73.22941589355469,35.644981384277344,63.45030975341797,30.12403106689453,104.84230041503906,53.37620544433594,1.771881237468079
qk_only,/mnt/ssd-data/orj/MappingNetworks/outputs/pro6_mai_v3_attention_partial_controls/pro6_mai_v3_124m_qk_only_qk64_outputgain_20tpp_lr24e4/ckpt.pt,9,MID,256.0,0.2447999119758606,0.09546556323766708,0.26778876781463623,0.38997384905815125,0.04818107932806015,-0.07921937108039856,0.05020902305841446,0.18800370395183563,0.01122963521629572,0.36629948019981384,49.3502311706543,11.8911714553833,115.85090637207031,65.63607788085938,58.06715393066406,16.666898727416992,1.1920928955078125e-07,94.9996337890625,47.383907318115234,79.84120178222656,37.95618438720703,125.25180053710938,65.00386047363281,1.7126026106971406
qk_only,/mnt/ssd-data/orj/MappingNetworks/outputs/pro6_mai_v3_attention_partial_controls/pro6_mai_v3_124m_qk_only_qk64_outputgain_20tpp_lr24e4/ckpt.pt,9,TAIL,256.0,0.23728495836257935,0.09241442382335663,0.2547609806060791,0.38946598768234253,0.0001349372323602438,-0.1096988171339035,-0.0023213892709463835,0.12302976846694946,0.005373084917664528,0.843965470790863,96.65324401855469,46.04460144042969,127.81465911865234,73.82926940917969,97.04902648925781,45.9228515625,1.1920928955078125e-07,99.55492401123047,48.74537658691406,84.09368896484375,39.79545211791992,137.68917846679688,73.92491912841797,1.8576222958685653
qk_only,/mnt/ssd-data/orj/MappingNetworks/outputs/pro6_mai_v3_attention_partial_controls/pro6_mai_v3_124m_qk_only_qk64_outputgain_20tpp_lr24e4/ckpt.pt,10,HEAD,256.0,0.27493125200271606,0.10970205068588257,0.3047425150871277,0.39901629090309143,0.10272935032844543,-0.017914896830916405,0.11324749886989594,0.22299420833587646,0.020558934658765793,0.799667477607727,58.052452087402344,25.450820922851562,62.004608154296875,24.58041000366211,59.20635986328125,25.347787857055664,2.384185791015625e-07,65.78832244873047,29.337852478027344,56.22669982910156,24.930274963378906,91.17573547363281,42.34196472167969,1.6984154721068068
qk_only,/mnt/ssd-data/orj/MappingNetworks/outputs/pro6_mai_v3_attention_partial_controls/pro6_mai_v3_124m_qk_only_qk64_outputgain_20tpp_lr24e4/ckpt.pt,10,MID,256.0,0.27941566705703735,0.11071790009737015,0.30187174677848816,0.3962480127811432,0.06638270616531372,-0.03876256197690964,0.07982376962900162,0.1895817369222641,0.022204171866178513,0.9115368723869324,56.903594970703125,17.744626998901367,52.9148063659668,12.713201522827148,77.20731353759766,34.24210739135742,2.384185791015625e-07,86.23278045654297,39.052513122558594,72.64187622070312,32.6564826965332,109.14653778076172,52.09759521484375,1.5953216915297006
qk_only,/mnt/ssd-data/orj/MappingNetworks/outputs/pro6_mai_v3_attention_partial_controls/pro6_mai_v3_124m_qk_only_qk64_outputgain_20tpp_lr24e4/ckpt.pt,10,TAIL,256.0,0.26332172751426697,0.10330422222614288,0.2862899899482727,0.39231181144714355,0.033984728157520294,-0.0812031701207161,0.045482710003852844,0.1319502294063568,0.005964930169284344,0.8415697813034058,87.04630279541016,36.61322784423828,107.43450164794922,48.125755310058594,85.39646911621094,35.25101852416992,2.384185791015625e-07,92.67316436767578,41.04465103149414,77.49182891845703,33.62547302246094,123.35865020751953,57.00910186767578,1.6954141233818536
qk_only,/mnt/ssd-data/orj/MappingNetworks/outputs/pro6_mai_v3_attention_partial_controls/pro6_mai_v3_124m_qk_only_qk64_outputgain_20tpp_lr24e4/ckpt.pt,11,HEAD,256.0,0.3076963424682617,0.18721991777420044,0.3658376932144165,0.6084567308425903,0.026764705777168274,-0.25275933742523193,0.03048412688076496,0.24579963088035583,0.024661140516400337,0.658514142036438,53.68528747558594,21.501577377319336,26.478683471679688,8.113971710205078,40.045536041259766,13.568367958068848,4.76837158203125e-07,60.42513656616211,25.529348373413086,47.625667572021484,20.638065338134766,67.78312683105469,28.13897705078125,1.3634503326620635
qk_only,/mnt/ssd-data/orj/MappingNetworks/outputs/pro6_mai_v3_attention_partial_controls/pro6_mai_v3_124m_qk_only_qk64_outputgain_20tpp_lr24e4/ckpt.pt,11,MID,256.0,0.30200672149658203,0.17752596735954285,0.35714370012283325,0.5878212451934814,0.036156900227069855,-0.2019699513912201,0.04575324431061745,0.253985732793808,0.02318749949336052,0.6142429709434509,73.34949493408203,28.98859977722168,43.65861129760742,14.0165376663208,60.37591552734375,21.90599822998047,4.76837158203125e-07,80.50194549560547,33.89582824707031,61.339447021484375,25.123849868774414,87.37632751464844,35.81657791137695,1.4256006980798022
qk_only,/mnt/ssd-data/orj/MappingNetworks/outputs/pro6_mai_v3_attention_partial_controls/pro6_mai_v3_124m_qk_only_qk64_outputgain_20tpp_lr24e4/ckpt.pt,11,TAIL,256.0,0.2872275412082672,0.1707637459039688,0.33118653297424316,0.5945242643356323,-0.0306857842952013,-0.28610724210739136,-0.005032431799918413,0.18172521889209747,0.02162550762295723,0.675091564655304,76.82579040527344,28.928192138671875,52.86189651489258,16.84740447998047,66.50594329833984,23.22364044189453,2.384185791015625e-07,86.4166488647461,35.49284362792969,65.7833023071289,26.347902297973633,95.03447723388672,37.918338775634766,1.4391407083117578
qk_plus_cfc,/mnt/ssd-data/orj/MappingNetworks/outputs/pro6_mai_v3_124m_qk_only_plus_cfc_directed_20tpp/ckpt.pt,0,HEAD,256.0,0.0970962792634964,0.07608179748058319,0.11820503324270248,0.7835707068443298,-0.08397029340267181,-0.1509769707918167,-0.08439327776432037,-0.019204488024115562,0.009852207265794277,0.8236555457115173,16.466150283813477,7.7030863761901855,20.29009437561035,13.083320617675781,12.122763633728027,5.278274059295654,2.9802322387695312e-08,16.418323516845703,7.736474514007568,23.198774337768555,14.799210548400879,20.533334732055664,11.400460243225098,0.7703424588723733
qk_plus_cfc,/mnt/ssd-data/orj/MappingNetworks/outputs/pro6_mai_v3_124m_qk_only_plus_cfc_directed_20tpp/ckpt.pt,0,MID,256.0,0.09206946194171906,0.07711444795131683,0.1206955835223198,0.8375681638717651,0.009228533133864403,-0.08804686367511749,0.008856811560690403,0.11067821085453033,0.005497753620147705,0.8112322688102722,55.92367172241211,13.274710655212402,85.0274429321289,44.89706802368164,46.096527099609375,10.712966918945312,2.9802322387695312e-08,59.7048454284668,14.33168888092041,84.45430755615234,37.849830627441406,82.95123291015625,31.118751525878906,0.8221635608408134
qk_plus_cfc,/mnt/ssd-data/orj/MappingNetworks/outputs/pro6_mai_v3_124m_qk_only_plus_cfc_directed_20tpp/ckpt.pt,0,TAIL,256.0,0.08570820093154907,0.0821656659245491,0.12321068346500397,0.958667516708374,0.07742679119110107,-0.023595131933689117,0.0851447731256485,0.15093789994716644,0.00896301120519638,0.7513636350631714,66.02515411376953,14.767500877380371,98.228515625,50.947845458984375,62.658546447753906,15.101653099060059,2.9802322387695312e-08,66.6432113647461,14.902892112731934,87.27323150634766,32.58589553833008,90.5722885131836,32.97876739501953,1.0120565002188546
qk_plus_cfc,/mnt/ssd-data/orj/MappingNetworks/outputs/pro6_mai_v3_124m_qk_only_plus_cfc_directed_20tpp/ckpt.pt,1,HEAD,256.0,0.12111695110797882,0.05612338334321976,0.1291409134864807,0.46338173747062683,-0.08439698070287704,-0.15973927080631256,-0.08857941627502441,-0.012556655332446098,0.009494445286691189,0.5105806589126587,26.503738403320312,10.642077445983887,52.874202728271484,27.242841720581055,26.438720703125,11.06552791595459,2.9802322387695312e-08,27.067689895629883,11.06534194946289,43.17718505859375,25.22249984741211,64.05025482177734,30.990520477294922,1.2286855254149056
qk_plus_cfc,/mnt/ssd-data/orj/MappingNetworks/outputs/pro6_mai_v3_124m_qk_only_plus_cfc_directed_20tpp/ckpt.pt,1,MID,256.0,0.12553736567497253,0.0577925443649292,0.13273906707763672,0.4603613018989563,-0.10275161266326904,-0.17751532793045044,-0.10167700052261353,-0.03523236885666847,0.013045081868767738,0.568692147731781,70.14684295654297,21.145505905151367,105.31273651123047,61.767616271972656,69.26183319091797,21.88641357421875,2.9802322387695312e-08,74.20120239257812,23.17200469970703,94.51283264160156,51.95225524902344,127.96833038330078,72.45803833007812,1.3947043873796054
qk_plus_cfc,/mnt/ssd-data/orj/MappingNetworks/outputs/pro6_mai_v3_124m_qk_only_plus_cfc_directed_20tpp/ckpt.pt,1,TAIL,256.0,0.1306699514389038,0.05931394547224045,0.13793495297431946,0.4539218544960022,-0.10098692774772644,-0.17912380397319794,-0.09859613329172134,-0.0330803282558918,0.012418592348694801,0.5841779708862305,83.44551086425781,27.590784072875977,107.53649139404297,56.388465881347656,82.68601989746094,28.52577018737793,2.9802322387695312e-08,85.96994018554688,29.178930282592773,92.21916961669922,41.1048583984375,139.50611877441406,75.93981170654297,1.8474655956832011
qk_plus_cfc,/mnt/ssd-data/orj/MappingNetworks/outputs/pro6_mai_v3_124m_qk_only_plus_cfc_directed_20tpp/ckpt.pt,2,HEAD,256.0,0.11172906309366226,0.05061018466949463,0.12155678123235703,0.452972412109375,-0.029060088098049164,-0.14501942694187164,-0.039653532207012177,0.12181440740823746,0.008988299407064915,0.5368185043334961,47.2043571472168,23.696426391601562,67.3271255493164,26.163511276245117,46.33496856689453,21.791805267333984,5.960464477539063e-08,47.862876892089844,24.016725540161133,57.30292892456055,33.13014602661133,88.07325744628906,41.80887222290039,1.2619585856735434
qk_plus_cfc,/mnt/ssd-data/orj/MappingNetworks/outputs/pro6_mai_v3_124m_qk_only_plus_cfc_directed_20tpp/ckpt.pt,2,MID,256.0,0.11953455209732056,0.05583769828081131,0.13081224262714386,0.4671260118484497,-0.040804628282785416,-0.16804653406143188,-0.04757317900657654,0.06827878952026367,0.013490203768014908,0.5389551520347595,91.68722534179688,42.89152908325195,59.96939468383789,12.464890480041504,65.1969985961914,18.73564910888672,5.960464477539063e-08,97.32058715820312,48.203983306884766,97.96987915039062,57.57279586791992,102.5224838256836,30.27376365661621,0.5258345230630883
qk_plus_cfc,/mnt/ssd-data/orj/MappingNetworks/outputs/pro6_mai_v3_124m_qk_only_plus_cfc_directed_20tpp/ckpt.pt,2,TAIL,256.0,0.1277880072593689,0.05389683321118355,0.13682079315185547,0.42176753282546997,-0.03678210824728012,-0.14113028347492218,-0.03921923041343689,0.07052360475063324,0.005279395263642073,0.715852677822113,103.41126251220703,50.01868438720703,121.47823333740234,71.29251098632812,101.15253448486328,49.154998779296875,2.9802322387695312e-08,105.2171630859375,51.90774154663086,99.19530487060547,51.51405715942383,155.86485290527344,98.19731903076172,1.9062237464011857
qk_plus_cfc,/mnt/ssd-data/orj/MappingNetworks/outputs/pro6_mai_v3_124m_qk_only_plus_cfc_directed_20tpp/ckpt.pt,3,HEAD,256.0,0.11464296281337738,0.057948339730501175,0.12373152375221252,0.5054678916931152,-0.09376257658004761,-0.2120896875858307,-0.11807972192764282,0.11890342831611633,0.020910067483782768,0.8282340168952942,60.577571868896484,30.560033798217773,80.92036437988281,34.45707702636719,50.112003326416016,18.516260147094727,5.960464477539063e-08,66.503662109375,34.657264709472656,69.43842315673828,39.05885696411133,106.15140533447266,57.18003845214844,1.463945514449834
qk_plus_cfc,/mnt/ssd-data/orj/MappingNetworks/outputs/pro6_mai_v3_124m_qk_only_plus_cfc_directed_20tpp/ckpt.pt,3,MID,256.0,0.127756267786026,0.06251819431781769,0.1378011554479599,0.489355206489563,-0.10104815661907196,-0.23462186753749847,-0.10807374119758606,-0.00013891591515857726,0.024710848927497864,0.9279270768165588,74.67903900146484,23.087839126586914,65.72508239746094,14.118511199951172,43.41268539428711,8.626132011413574,5.960464477539063e-08,108.51751708984375,62.12041473388672,102.0003433227539,59.69554901123047,115.70996856689453,40.74200439453125,0.6824965189090814
qk_plus_cfc,/mnt/ssd-data/orj/MappingNetworks/outputs/pro6_mai_v3_124m_qk_only_plus_cfc_directed_20tpp/ckpt.pt,3,TAIL,256.0,0.13672928512096405,0.05988746136426926,0.14406251907348633,0.43800026178359985,-0.09337151050567627,-0.20909243822097778,-0.09061533957719803,0.0006235981127247214,0.012604344636201859,0.8123655319213867,108.17601776123047,56.40738296508789,123.4737548828125,71.93360900878906,104.54450988769531,54.391029357910156,2.9802322387695312e-08,109.90621948242188,58.19944381713867,99.91996765136719,51.429988861083984,151.78155517578125,90.9420394897461,1.7682686989372471
qk_plus_cfc,/mnt/ssd-data/orj/MappingNetworks/outputs/pro6_mai_v3_124m_qk_only_plus_cfc_directed_20tpp/ckpt.pt,4,HEAD,256.0,0.13160644471645355,0.06564468145370483,0.1333194524049759,0.4987953305244446,-0.23458807170391083,-0.34546950459480286,-0.2424686849117279,-0.10209047049283981,0.06522851437330246,0.8837138414382935,63.74103546142578,25.34803009033203,85.5313949584961,32.52865982055664,49.29084777832031,13.410470008850098,1.1920928955078125e-07,81.3082275390625,43.039241790771484,77.03113555908203,41.477657318115234,116.38223266601562,59.81139373779297,1.4420147521608104
qk_plus_cfc,/mnt/ssd-data/orj/MappingNetworks/outputs/pro6_mai_v3_124m_qk_only_plus_cfc_directed_20tpp/ckpt.pt,4,MID,256.0,0.14674833416938782,0.06799870729446411,0.15048320591449738,0.46336954832077026,-0.20897933840751648,-0.3107684254646301,-0.22285953164100647,-0.12876325845718384,0.059811271727085114,0.9689461588859558,52.591285705566406,10.98614501953125,56.692420959472656,10.419445991516113,29.39255142211914,5.2153143882751465,1.1920928955078125e-07,113.16571044921875,66.38211822509766,101.9317855834961,59.08781051635742,116.57340240478516,38.90809631347656,0.6584792357927282
qk_plus_cfc,/mnt/ssd-data/orj/MappingNetworks/outputs/pro6_mai_v3_124m_qk_only_plus_cfc_directed_20tpp/ckpt.pt,4,TAIL,256.0,0.15459418296813965,0.06529803574085236,0.15347495675086975,0.42238351702690125,-0.22735297679901123,-0.3375019431114197,-0.22190797328948975,-0.13029617071151733,0.055746324360370636,0.8151401281356812,112.81185150146484,61.10360336303711,132.0216064453125,81.44338989257812,114.29615020751953,62.64546203613281,2.9802322387695312e-08,114.07264709472656,62.3597412109375,101.28893280029297,52.59706497192383,157.478515625,96.81269073486328,1.8406481575833487
qk_plus_cfc,/mnt/ssd-data/orj/MappingNetworks/outputs/pro6_mai_v3_124m_qk_only_plus_cfc_directed_20tpp/ckpt.pt,5,HEAD,256.0,0.14206650853157043,0.06700251996517181,0.1523180603981018,0.4716278314590454,-0.07633493095636368,-0.21139340102672577,-0.08813032507896423,0.12362568080425262,0.017834873870015144,0.4906422793865204,55.60053253173828,16.256664276123047,118.32173919677734,73.48558807373047,50.63268280029297,13.765829086303711,1.1920928955078125e-07,88.22158813476562,47.18872833251953,82.14080047607422,44.46592330932617,132.1094512939453,79.13905334472656,1.7797685835554917
qk_plus_cfc,/mnt/ssd-data/orj/MappingNetworks/outputs/pro6_mai_v3_124m_qk_only_plus_cfc_directed_20tpp/ckpt.pt,5,MID,256.0,0.15990093350410461,0.06853900849819183,0.1692867875099182,0.4286341965198517,-0.08585052937269211,-0.18976986408233643,-0.09681454300880432,0.02105793170630932,0.01914628967642784,0.47325509786605835,33.333702087402344,5.9605326652526855,132.48397827148438,84.49787139892578,29.67280387878418,5.277758598327637,1.1920928955078125e-07,115.72612762451172,67.30255889892578,103.39987182617188,58.80335998535156,154.9980010986328,100.9332046508789,1.716453016902814
qk_plus_cfc,/mnt/ssd-data/orj/MappingNetworks/outputs/pro6_mai_v3_124m_qk_only_plus_cfc_directed_20tpp/ckpt.pt,5,TAIL,256.0,0.16533911228179932,0.06641700118780136,0.17248499393463135,0.4017016887664795,-0.09071116894483566,-0.19993560016155243,-0.0863751769065857,0.013467012904584408,0.012663640081882477,0.8258846998214722,112.10647583007812,59.99357223510742,134.4626007080078,83.54800415039062,112.70560455322266,61.090431213378906,2.9802322387695312e-08,114.27070617675781,62.29936981201172,96.73406982421875,47.653228759765625,154.84523010253906,92.30484008789062,1.9370112475112087
qk_plus_cfc,/mnt/ssd-data/orj/MappingNetworks/outputs/pro6_mai_v3_124m_qk_only_plus_cfc_directed_20tpp/ckpt.pt,6,HEAD,256.0,0.15704020857810974,0.07129000872373581,0.16617867350578308,0.45396023988723755,-0.09403853118419647,-0.2427494078874588,-0.10673196613788605,0.09080209583044052,0.020889250561594963,0.46701911091804504,57.60678482055664,17.151031494140625,119.14226531982422,75.22640228271484,54.873477935791016,15.738666534423828,1.1920928955078125e-07,88.68766021728516,47.475303649902344,80.64913940429688,43.47277069091797,126.54151916503906,73.62763214111328,1.6936494033147755
qk_plus_cfc,/mnt/ssd-data/orj/MappingNetworks/outputs/pro6_mai_v3_124m_qk_only_plus_cfc_directed_20tpp/ckpt.pt,6,MID,256.0,0.17614027857780457,0.07268883287906647,0.18454493582248688,0.4126758277416229,-0.09828213602304459,-0.20872215926647186,-0.10816115140914917,0.018187817186117172,0.02154124714434147,0.34916260838508606,34.3994026184082,6.290928363800049,135.37989807128906,88.83377838134766,33.476112365722656,6.066879749298096,1.1920928955078125e-07,112.05184936523438,64.17851257324219,97.72772216796875,54.66149139404297,149.59535217285156,93.80475616455078,1.716103124379326
qk_plus_cfc,/mnt/ssd-data/orj/MappingNetworks/outputs/pro6_mai_v3_124m_qk_only_plus_cfc_directed_20tpp/ckpt.pt,6,TAIL,256.0,0.18135282397270203,0.07044956088066101,0.1869206577539444,0.38846686482429504,-0.11248907446861267,-0.24587970972061157,-0.1050877571105957,0.006689815316349268,0.018715618178248405,0.8237664103507996,110.29765319824219,59.241943359375,136.7667236328125,87.57210540771484,112.49884033203125,60.741397857666016,2.9802322387695312e-08,112.21215057373047,61.14669418334961,94.01148986816406,47.73828887939453,151.15066528320312,90.04448699951172,1.8862110292012997
qk_plus_cfc,/mnt/ssd-data/orj/MappingNetworks/outputs/pro6_mai_v3_124m_qk_only_plus_cfc_directed_20tpp/ckpt.pt,7,HEAD,256.0,0.17883099615573883,0.07806019484996796,0.19519482553005219,0.436502605676651,0.0036524501629173756,-0.16118383407592773,-0.006825992837548256,0.21642756462097168,0.013136453926563263,0.4649854600429535,59.336708068847656,19.504680633544922,113.06846618652344,68.05870056152344,61.19387435913086,21.780757904052734,5.960464477539063e-08,84.76411437988281,44.894874572753906,76.58650207519531,41.17896270751953,119.77488708496094,67.70738220214844,1.64422262607855
qk_plus_cfc,/mnt/ssd-data/orj/MappingNetworks/outputs/pro6_mai_v3_124m_qk_only_plus_cfc_directed_20tpp/ckpt.pt,7,MID,256.0,0.19575245678424835,0.08070257306098938,0.20971322059631348,0.4122685194015503,-0.034449897706508636,-0.16438454389572144,-0.039723604917526245,0.10891178995370865,0.008539670147001743,0.20663557946681976,37.2415657043457,7.06837797164917,137.3770751953125,91.45911407470703,42.95487594604492,8.329843521118164,5.960464477539063e-08,107.7951889038086,59.68871307373047,94.93193817138672,52.06857681274414,147.5743865966797,92.07948303222656,1.76842711417627
qk_plus_cfc,/mnt/ssd-data/orj/MappingNetworks/outputs/pro6_mai_v3_124m_qk_only_plus_cfc_directed_20tpp/ckpt.pt,7,TAIL,256.0,0.1979704350233078,0.07849566638469696,0.2101718634366989,0.39650195837020874,-0.038285765796899796,-0.16085469722747803,-0.036790378391742706,0.09364047646522522,0.006826146971434355,0.8113618493080139,107.91177368164062,56.870479583740234,137.6524658203125,87.67326354980469,110.5888900756836,59.45014572143555,2.9802322387695312e-08,109.49093627929688,58.400089263916016,92.20022583007812,46.54376220703125,148.601806640625,88.09220886230469,1.8926748652260177
qk_plus_cfc,/mnt/ssd-data/orj/MappingNetworks/outputs/pro6_mai_v3_124m_qk_only_plus_cfc_directed_20tpp/ckpt.pt,8,HEAD,256.0,0.2091086059808731,0.08788620680570602,0.23261931538581848,0.4202897548675537,0.07344909012317657,-0.1054428294301033,0.056241974234580994,0.2823527455329895,0.019654661417007446,0.6000280380249023,63.02736282348633,25.247995376586914,107.04816436767578,61.46535873413086,64.87383270263672,27.437095642089844,1.1920928955078125e-07,78.53507995605469,40.188209533691406,68.82699584960938,35.1566162109375,113.40144348144531,62.06015396118164,1.7652482135602754
qk_plus_cfc,/mnt/ssd-data/orj/MappingNetworks/outputs/pro6_mai_v3_124m_qk_only_plus_cfc_directed_20tpp/ckpt.pt,8,MID,256.0,0.22420182824134827,0.09055277705192566,0.2438158541917801,0.40388956665992737,0.017720330506563187,-0.11853104084730148,0.0016239238902926445,0.17791816592216492,0.010374382138252258,0.304044246673584,47.301979064941406,10.250021934509277,128.08639526367188,78.72650146484375,52.79958724975586,12.199097633361816,1.1920928955078125e-07,102.1448974609375,53.8309326171875,87.96195220947266,46.00419616699219,138.4169158935547,81.01878356933594,1.7611172527663155
qk_plus_cfc,/mnt/ssd-data/orj/MappingNetworks/outputs/pro6_mai_v3_124m_qk_only_plus_cfc_directed_20tpp/ckpt.pt,8,TAIL,256.0,0.2237834334373474,0.0870637446641922,0.23736390471458435,0.3890535831451416,-0.03393358737230301,-0.15682843327522278,-0.04183150827884674,0.1105395257472992,0.007637976668775082,0.818647563457489,104.6191635131836,53.99699020385742,136.5300750732422,85.9085693359375,107.79220581054688,56.63627243041992,5.960464477539063e-08,106.1008071899414,55.432796478271484,89.49566650390625,45.3289680480957,147.719970703125,87.61676788330078,1.9329089466659857
qk_plus_cfc,/mnt/ssd-data/orj/MappingNetworks/outputs/pro6_mai_v3_124m_qk_only_plus_cfc_directed_20tpp/ckpt.pt,9,HEAD,256.0,0.24933704733848572,0.09670358896255493,0.27772748470306396,0.3878428339958191,0.11353632062673569,-0.02928980626165867,0.11726044118404388,0.24830973148345947,0.02131977304816246,0.7226726412773132,61.97848129272461,27.253173828125,92.38910675048828,46.97174835205078,63.66318130493164,29.405048370361328,1.1920928955078125e-07,72.56930541992188,35.02784729003906,62.37519454956055,29.59623146057129,102.29975891113281,51.656742095947266,1.7453824202167578
qk_plus_cfc,/mnt/ssd-data/orj/MappingNetworks/outputs/pro6_mai_v3_124m_qk_only_plus_cfc_directed_20tpp/ckpt.pt,9,MID,256.0,0.25797003507614136,0.0996747836470604,0.28514593839645386,0.38638123869895935,0.08592228591442108,-0.04514876380562782,0.09159676730632782,0.20810726284980774,0.016982512548565865,0.4086262583732605,53.89432907104492,13.871634483337402,117.969970703125,66.6236572265625,62.9957275390625,19.374162673950195,1.1920928955078125e-07,94.99012756347656,46.08082962036133,79.42643737792969,36.914398193359375,125.88917541503906,64.6905746459961,1.7524483077617514
qk_plus_cfc,/mnt/ssd-data/orj/MappingNetworks/outputs/pro6_mai_v3_124m_qk_only_plus_cfc_directed_20tpp/ckpt.pt,9,TAIL,256.0,0.24748674035072327,0.09708169102668762,0.26924633979797363,0.3922702670097351,0.0364154614508152,-0.08903969824314117,0.03799367696046829,0.16219864785671234,0.00734036834910512,0.8491537570953369,98.83341217041016,47.185245513916016,129.1762237548828,75.03634643554688,98.76124572753906,46.803741455078125,1.1920928955078125e-07,101.34149932861328,49.43324279785156,84.33157348632812,39.57549285888672,138.7871551513672,74.7907943725586,1.889825974858687
qk_plus_cfc,/mnt/ssd-data/orj/MappingNetworks/outputs/pro6_mai_v3_124m_qk_only_plus_cfc_directed_20tpp/ckpt.pt,10,HEAD,256.0,0.29107195138931274,0.11863844096660614,0.3232719898223877,0.40759146213531494,0.09623566269874573,-0.03066321462392807,0.10652133822441101,0.20023837685585022,0.018878920003771782,0.781785249710083,58.17222213745117,25.73839569091797,56.37527084350586,21.11770248413086,57.07188034057617,23.990779876708984,2.384185791015625e-07,65.2076644897461,29.135684967041016,54.978816986083984,24.32579803466797,88.08245849609375,40.392372131347656,1.6604746974295508
qk_plus_cfc,/mnt/ssd-data/orj/MappingNetworks/outputs/pro6_mai_v3_124m_qk_only_plus_cfc_directed_20tpp/ckpt.pt,10,MID,256.0,0.2947375476360321,0.11884543299674988,0.3182218670845032,0.4032246172428131,0.05922425538301468,-0.0390152744948864,0.06714002043008804,0.16926683485507965,0.020647196099162102,0.893369734287262,61.58844757080078,20.352022171020508,53.51445770263672,13.344528198242188,79.95660400390625,35.761146545410156,2.384185791015625e-07,87.95683288574219,39.9622802734375,72.75643920898438,32.21464538574219,107.95804595947266,51.27524185180664,1.5916748807205694
qk_plus_cfc,/mnt/ssd-data/orj/MappingNetworks/outputs/pro6_mai_v3_124m_qk_only_plus_cfc_directed_20tpp/ckpt.pt,10,TAIL,256.0,0.27631694078445435,0.10858192294836044,0.2999817132949829,0.3929615020751953,0.02777951955795288,-0.07389944791793823,0.028966570273041725,0.12805813550949097,0.004655385855585337,0.8603089451789856,89.98725891113281,38.75093460083008,110.49890899658203,52.327388763427734,88.23973083496094,37.56743621826172,2.384185791015625e-07,95.01412963867188,42.71662902832031,78.77661895751953,34.41753387451172,124.50662994384766,58.2251091003418,1.6917280974468958
qk_plus_cfc,/mnt/ssd-data/orj/MappingNetworks/outputs/pro6_mai_v3_124m_qk_only_plus_cfc_directed_20tpp/ckpt.pt,11,HEAD,256.0,0.32653874158859253,0.19711345434188843,0.4076957702636719,0.6036449074745178,0.14850370585918427,-0.1562032848596573,0.15981212258338928,0.3573741614818573,0.04680730029940605,0.7094435095787048,52.27018737792969,21.094972610473633,28.846641540527344,8.802772521972656,39.222164154052734,13.206657409667969,4.76837158203125e-07,59.754032135009766,25.537931442260742,47.18772506713867,20.718564987182617,65.14954376220703,27.057462692260742,1.3059525458930015
qk_plus_cfc,/mnt/ssd-data/orj/MappingNetworks/outputs/pro6_mai_v3_124m_qk_only_plus_cfc_directed_20tpp/ckpt.pt,11,MID,256.0,0.3199261724948883,0.1891099512577057,0.3969667851924896,0.5911049842834473,0.14929863810539246,-0.056283678859472275,0.1570359766483307,0.3589615225791931,0.044148821383714676,0.6525394916534424,74.8725814819336,30.070615768432617,49.193382263183594,16.216299057006836,63.33384323120117,23.87502098083496,4.76837158203125e-07,82.12032318115234,35.0009651184082,62.47104263305664,25.813648223876953,86.90715789794922,35.669246673583984,1.3817979684324844
qk_plus_cfc,/mnt/ssd-data/orj/MappingNetworks/outputs/pro6_mai_v3_124m_qk_only_plus_cfc_directed_20tpp/ckpt.pt,11,TAIL,256.0,0.3020172715187073,0.1824057698249817,0.36724650859832764,0.6039580702781677,0.08289914578199387,-0.188114732503891,0.10341504216194153,0.29048770666122437,0.02771538682281971,0.7021150588989258,79.43719482421875,30.808469772338867,56.43128967285156,17.370555877685547,68.70914459228516,24.277517318725586,4.76837158203125e-07,88.16162109375,36.798152923583984,66.32283782958984,26.685882568359375,93.898681640625,37.24645233154297,1.3957362000725033
